track_id,type,traveled_d,avg_speed
1, Car, 48.85, 9.770344
2, Motorcycle, 98.09, 19.839417
3, Motorcycle, 63.80, 18.228752
4, Motorcycle, 145.72, 26.229014
5, Motorcycle, 138.01, 24.841425
6, Medium Vehicle, 159.97, 17.451502
7, Motorcycle, 153.91, 22.895895
8, Car, 158.21, 21.739084
9, Car, 161.01, 21.154471
10, Car, 159.53, 18.891989
11, Car, 182.51, 18.251311
12, Motorcycle, 158.41, 22.104237
13, Motorcycle, 150.20, 23.925733
14, Car, 189.93, 22.056919
15, Car, 214.13, 22.672299
16, Motorcycle, 238.04, 24.624831
17, Motorcycle, 130.20, 0.572429
18, Medium Vehicle, 142.37, 9.971513
19, Car, 241.54, 11.655932
20, Car, 225.57, 21.712530
21, Car, 179.72, 19.969240
22, Bus, 256.15, 22.166647
23, Bus, 267.26, 28.465902
24, Car, 268.07, 22.548021
25, Car, 333.54, 23.180557
26, Car, 313.23, 33.165511
27, Car, 318.05, 31.982182
28, Car, 339.20, 31.800391
29, Motorcycle, 367.19, 38.878858
30, Motorcycle, 349.30, 50.704412
31, Car, 381.07, 28.820679
32, Car, 391.30, 32.015804
33, Motorcycle, 375.58, 33.972209
34, Car, 419.85, 21.592529
35, Car, 416.76, 20.274803
36, Motorcycle, 392.76, 34.825792
37, Bus, 158.46, 17.079537
38, Car, 358.27, 17.476598
39, Car, 372.52, 16.354501
40, Car, 383.98, 16.614463
41, Motorcycle, 282.72, 22.418229
42, Motorcycle, 361.74, 37.637358
43, Motorcycle, 423.13, 41.848151
44, Car, 402.49, 21.756245
45, Car, 354.28, 18.116729
46, Car, 411.41, 21.909637
47, Car, 447.53, 20.038720
48, Motorcycle, 196.29, 14.660605
49, Motorcycle, 60.09, 31.813922
50, Car, 425.20, 19.278561
51, Motorcycle, 259.92, 16.358897
52, Car, 254.50, 22.023772
53, Car, 199.92, 13.377304
54, Car, 127.54, 9.686211
55, Car, 160.92, 11.679452
56, Car, 242.95, 15.079722
57, Car, 302.89, 8.426560
58, Car, 123.27, 9.522898
59, Motorcycle, 48.32, 8.966502
60, Car, 47.42, 7.977767
61, Motorcycle, 194.91, 14.204055
62, Taxi, 79.97, 22.847876
63, Taxi, 289.89, 1.867591
64, Bus, 456.09, 7.993864
65, Taxi, 280.45, 16.025744
66, Taxi, 258.97, 11.861130
67, Taxi, 185.56, 12.058342
68, Taxi, 185.13, 12.915959
69, Taxi, 127.12, 10.495797
70, Taxi, 442.64, 19.918851
71, Heavy Vehicle, 151.24, 1.495741
72, Taxi, 183.52, 20.907353
73, Taxi, 15.99, 13.709574
74, Taxi, 434.68, 21.261560
75, Taxi, 133.20, 23.278397
76, Taxi, 353.88, 31.072162
77, Taxi, 295.46, 21.796327
78, Taxi, 206.77, 19.692781
79, Taxi, 215.55, 26.574647
80, Taxi, 222.00, 22.323695
81, Taxi, 194.40, 21.600212
82, Taxi, 150.55, 22.395560
83, Taxi, 74.22, 12.145817
84, Taxi, 47.42, 8.368982
85, Heavy Vehicle, 162.57, 0.821502
86, Car, 124.14, 0.894165
87, Car, 267.76, 3.733237
88, Car, 129.13, 12.701076
89, Motorcycle, 64.32, 14.118982
90, Taxi, 465.45, 20.285877
91, Motorcycle, 200.41, 14.091146
92, Taxi, 214.67, 14.976690
93, Motorcycle, 193.61, 28.800755
94, Car, 110.34, 9.237562
95, Taxi, 463.50, 20.600212
96, Car, 204.85, 14.749486
97, Heavy Vehicle, 467.87, 16.102669
98, Motorcycle, 9.37, 8.433102
99, Motorcycle, 19.93, 22.420906
100, Car, 212.97, 10.618917
101, Car, 169.41, 9.932919
102, Motorcycle, 463.17, 31.942672
103, Motorcycle, 57.62, 23.048464
104, Car, 196.09, 14.118836
105, Taxi, 235.00, 30.000579
106, Medium Vehicle, 502.33, 31.726205
107, Car, 236.72, 25.668102
108, Motorcycle, 79.34, 13.472079
109, Car, 196.80, 14.169529
110, Motorcycle, 489.10, 35.215056
111, Motorcycle, 346.02, 15.570855
112, Car, 485.57, 29.527702
113, Taxi, 498.93, 32.073758
114, Motorcycle, 345.72, 15.104365
115, Taxi, 486.39, 30.189553
116, Car, 264.09, 14.948745
117, Motorcycle, 261.73, 16.472408
118, Car, 483.02, 30.506824
119, Car, 347.36, 1.593008
120, Car, 332.18, 22.563180
121, Car, 109.56, 16.033300
122, Car, 39.34, 12.003092
123, Car, 236.57, 8.399053
124, Car, 206.17, 32.553122
125, Car, 212.07, 4.013894
126, Taxi, 483.24, 23.636685
127, Car, 498.84, 34.802491
128, Taxi, 108.46, 20.127502
129, Car, 284.79, 2.024552
130, Car, 483.11, 23.005001
131, Taxi, 233.66, 27.489050
132, Car, 483.28, 19.417664
133, Car, 36.86, 8.191375
134, Heavy Vehicle, 360.54, 15.127475
135, Car, 37.69, 15.074450
136, Car, 482.51, 38.947210
137, Motorcycle, 253.10, 18.150943
138, Car, 358.27, 16.706995
139, Taxi, 233.46, 16.479291
140, Motorcycle, 494.53, 25.432973
141, Motorcycle, 315.20, 15.848026
142, Car, 231.84, 28.583531
143, Taxi, 322.91, 16.145688
144, Taxi, 479.97, 22.855730
145, Car, 108.65, 23.008078
146, Bus, 486.71, 14.601304
147, Car, 361.47, 14.821003
148, Car, 349.35, 19.171578
149, Car, 110.43, 24.847595
150, Medium Vehicle, 347.51, 11.498532
151, Motorcycle, 358.71, 20.432846
152, Motorcycle, 481.44, 16.137728
153, Taxi, 111.52, 25.091050
154, Car, 348.85, 10.845187
155, Car, 357.73, 17.886421
156, Taxi, 349.17, 11.084893
157, Car, 354.48, 11.926515
158, Motorcycle, 250.92, 18.435099
159, Car, 351.26, 11.310698
160, Car, 234.85, 14.330118
161, Motorcycle, 478.14, 40.596640
162, Car, 480.27, 35.722495
163, Taxi, 235.03, 13.220288
164, Taxi, 480.79, 19.062308
165, Car, 480.46, 31.795231
166, Car, 54.43, 23.898108
167, Car, 480.26, 34.033826
168, Car, 480.54, 29.929526
169, Car, 227.73, 22.277888
170, Motorcycle, 103.13, 15.091528
171, Motorcycle, 383.78, 28.311304
172, Car, 481.73, 34.823860
173, Taxi, 72.20, 3.777659
174, Bus, 480.20, 14.334387
175, Motorcycle, 478.49, 40.436057
176, Heavy Vehicle, 479.19, 18.430534
177, Car, 197.71, 14.011236
178, Motorcycle, 394.05, 40.300326
179, Car, 480.32, 36.947951
180, Car, 480.62, 35.748661
181, Motorcycle, 480.71, 44.601624
182, Motorcycle, 486.16, 23.028722
183, Car, 32.11, 12.845410
184, Car, 478.66, 22.975633
185, Motorcycle, 487.23, 20.684375
186, Car, 477.70, 25.744193
187, Car, 34.30, 12.346529
188, Taxi, 261.91, 19.643018
189, Car, 93.48, 21.572758
190, Motorcycle, 56.88, 15.056520
191, Car, 105.45, 11.716569
192, Car, 27.26, 8.920560
193, Car, 199.45, 13.807814
194, Taxi, 225.35, 14.435345
195, Taxi, 358.31, 5.743177
196, Motorcycle, 481.59, 33.469879
197, Car, 235.61, 31.648758
198, Bus, 140.38, 15.502507
199, Car, 211.82, 13.377930
200, Motorcycle, 352.16, 15.092596
201, Car, 487.56, 30.578418
202, Car, 481.52, 34.808553
203, Motorcycle, 175.75, 10.406261
204, Taxi, 104.80, 19.856184
205, Motorcycle, 349.92, 14.996362
206, Motorcycle, 28.03, 9.891223
207, Motorcycle, 214.00, 14.058110
208, Motorcycle, 480.74, 48.073660
209, Motorcycle, 194.49, 12.918358
210, Motorcycle, 215.19, 14.136310
211, Car, 28.34, 3.750962
212, Motorcycle, 357.91, 15.790244
213, Car, 227.98, 24.572722
214, Taxi, 92.83, 22.279832
215, Car, 482.92, 20.309717
216, Medium Vehicle, 236.59, 11.090101
217, Car, 482.70, 37.776566
218, Car, 18.62, 0.096770
219, Taxi, 222.67, 14.627971
220, Motorcycle, 481.21, 50.951537
221, Motorcycle, 480.96, 40.079767
222, Medium Vehicle, 105.52, 19.185478
223, Heavy Vehicle, 481.74, 2.507635
224, Car, 223.58, 14.581484
225, Taxi, 480.33, 24.083196
226, Motorcycle, 149.79, 36.435828
227, Car, 235.43, 32.598103
228, Car, 197.28, 18.210205
229, Motorcycle, 55.36, 19.162203
230, Motorcycle, 433.83, 20.282799
231, Car, 347.72, 14.937735
232, Car, 481.27, 21.284879
233, Car, 480.66, 20.214535
234, Car, 461.87, 3.843576
235, Car, 102.44, 20.043382
236, Car, 482.49, 20.244247
237, Car, 211.29, 13.779575
238, Motorcycle, 343.75, 13.749898
239, Motorcycle, 488.19, 42.657813
240, Car, 360.16, 15.435314
241, Car, 28.53, 14.266360
242, Taxi, 480.45, 19.654934
243, Car, 27.04, 15.701965
244, Car, 19.14, 0.101884
245, Medium Vehicle, 256.94, 11.171377
246, Car, 172.40, 19.155583
247, Motorcycle, 51.08, 28.732618
248, Motorcycle, 481.24, 40.860291
249, Car, 53.34, 21.820931
250, Motorcycle, 125.41, 15.252951
251, Taxi, 458.55, 37.517679
252, Motorcycle, 37.54, 12.993423
253, Motorcycle, 454.48, 42.386647
254, Motorcycle, 453.86, 41.681178
255, Car, 480.96, 31.254021
256, Heavy Vehicle, 482.50, 28.569004
257, Car, 454.28, 38.938630
258, Taxi, 454.22, 33.101076
259, Motorcycle, 489.69, 36.574610
260, Car, 52.24, 28.496744
261, Heavy Vehicle, 95.09, 12.313680
262, Car, 483.21, 28.331305
263, Taxi, 457.62, 33.214697
264, Car, 460.09, 32.604466
265, Car, 485.63, 34.965644
266, Car, 463.06, 31.813042
267, Motorcycle, 199.78, 22.061939
268, Taxi, 102.89, 26.458017
269, Car, 478.59, 37.454760
270, Car, 481.36, 23.544831
271, Motorcycle, 485.61, 40.655540
272, Car, 284.07, 15.448051
273, Car, 210.50, 16.261862
274, Motorcycle, 100.78, 14.511744
275, Car, 482.48, 40.393771
276, Motorcycle, 452.49, 26.021697
277, Car, 198.64, 23.997212
278, Motorcycle, 87.37, 18.287492
279, Motorcycle, 55.07, 13.216367
280, Taxi, 199.60, 26.613805
281, Motorcycle, 46.91, 3.377796
282, Car, 401.47, 21.766252
283, Car, 216.92, 14.789770
284, Motorcycle, 120.73, 18.574441
285, Medium Vehicle, 492.00, 40.624114
286, Motorcycle, 458.01, 40.812929
287, Car, 55.18, 23.098429
288, Motorcycle, 463.81, 47.980070
289, Car, 442.47, 16.320539
290, Motorcycle, 481.77, 44.244042
291, Motorcycle, 323.78, 15.098643
292, Medium Vehicle, 204.48, 1.547778
293, Car, 211.40, 14.305373
294, Motorcycle, 349.99, 16.622103
295, Motorcycle, 236.55, 27.648121
296, Car, 483.77, 44.886011
297, Bus, 483.74, 36.585703
298, Car, 492.89, 45.968721
299, Motorcycle, 489.51, 38.477074
300, Motorcycle, 220.69, 32.295659
301, Car, 459.86, 36.145951
302, Taxi, 265.83, 15.485314
303, Car, 458.12, 21.700224
304, Car, 483.40, 47.808474
305, Car, 131.95, 8.105998
306, Car, 384.61, 25.174583
307, Car, 349.78, 17.835916
308, Taxi, 208.41, 16.169694
309, Taxi, 483.03, 42.002383
310, Car, 482.64, 45.966073
311, Taxi, 100.27, 24.390691
312, Heavy Vehicle, 265.03, 16.856961
313, Taxi, 207.24, 15.225623
314, Taxi, 347.30, 20.100852
315, Car, 215.01, 10.131479
316, Car, 217.01, 10.015645
317, Car, 263.70, 20.548116
318, Taxi, 346.55, 21.659506
319, Car, 356.96, 22.310157
320, Car, 363.46, 11.916745
321, Car, 193.89, 4.096298
322, Car, 326.69, 23.242532
323, Car, 349.45, 13.763758
324, Motorcycle, 457.44, 39.586283
325, Taxi, 67.43, 11.559601
326, Car, 212.27, 11.337956
327, Motorcycle, 170.33, 21.440484
328, Car, 51.28, 20.980018
329, Car, 479.19, 35.939434
330, Car, 478.83, 37.968607
331, Motorcycle, 207.14, 13.221623
332, Taxi, 94.01, 8.767701
333, Car, 479.90, 40.365426
334, Taxi, 329.42, 19.765440
335, Car, 208.84, 16.415616
336, Taxi, 492.08, 14.059326
337, Motorcycle, 120.68, 20.493342
338, Car, 53.81, 18.627579
339, Motorcycle, 188.12, 38.479078
340, Car, 488.55, 43.969327
341, Car, 457.02, 38.987601
342, Motorcycle, 101.16, 11.239993
343, Heavy Vehicle, 107.83, 9.608311
344, Car, 480.96, 42.646800
345, Taxi, 461.31, 18.051135
346, Car, 236.59, 12.904835
347, Motorcycle, 481.93, 41.307960
348, Car, 206.16, 17.755169
349, Medium Vehicle, 492.71, 21.898100
350, Motorcycle, 484.74, 38.951969
351, Heavy Vehicle, 482.14, 41.326605
352, Taxi, 481.49, 45.614878
353, Taxi, 482.03, 44.955871
354, Car, 104.21, 13.592362
355, Car, 485.00, 21.555590
356, Car, 205.92, 17.081275
357, Car, 487.20, 40.789075
358, Motorcycle, 238.55, 31.806234
359, Car, 39.97, 17.986944
360, Car, 220.78, 21.716209
361, Car, 103.84, 10.680992
362, Car, 218.51, 21.611084
363, Motorcycle, 52.29, 16.513871
364, Car, 492.31, 31.093496
365, Motorcycle, 484.62, 42.552107
366, Car, 485.66, 38.852707
367, Taxi, 484.20, 33.781048
368, Car, 484.27, 33.526468
369, Car, 206.02, 15.074479
370, Motorcycle, 482.62, 39.667194
371, Taxi, 483.46, 39.199280
372, Car, 466.35, 3.239765
373, Motorcycle, 482.39, 47.709112
374, Bus, 483.19, 31.512699
375, Car, 483.91, 36.293412
376, Motorcycle, 346.77, 15.450356
377, Motorcycle, 260.28, 1.815930
378, Car, 479.87, 35.990351
379, Car, 461.98, 36.958234
380, Car, 103.51, 20.034155
381, Motorcycle, 345.31, 15.656261
382, Car, 494.17, 32.944486
383, Taxi, 348.26, 15.910315
384, Car, 490.56, 30.982883
385, Car, 482.03, 8.239751
386, Car, 489.76, 33.141941
387, Car, 365.05, 16.509660
388, Car, 481.88, 36.909640
389, Car, 30.65, 15.763784
390, Car, 236.18, 26.081439
391, Taxi, 214.77, 14.533558
392, Motorcycle, 482.09, 22.835654
393, Car, 358.48, 16.760204
394, Motorcycle, 340.75, 25.989722
395, Taxi, 234.10, 16.207206
396, Taxi, 402.13, 11.118758
397, Car, 339.26, 2.414630
398, Medium Vehicle, 339.31, 15.700556
399, Car, 100.71, 23.240992
400, Medium Vehicle, 482.63, 22.447870
401, Taxi, 480.35, 24.017491
402, Car, 483.35, 23.450928
403, Car, 37.69, 18.335013
404, Taxi, 362.10, 15.781568
405, Car, 219.77, 16.620955
406, Taxi, 349.08, 18.372385
407, Motorcycle, 349.75, 21.340870
408, Car, 348.78, 18.796528
409, Taxi, 217.08, 17.444095
410, Car, 281.85, 21.138703
411, Car, 347.29, 12.731779
412, Motorcycle, 211.41, 20.794684
413, Car, 349.29, 12.752963
414, Car, 73.00, 0.538726
415, Car, 351.28, 13.283761
416, Car, 200.19, 13.546905
417, Motorcycle, 213.55, 25.971998
418, Motorcycle, 27.54, 6.196385
419, Car, 199.57, 13.403654
420, Taxi, 212.24, 12.567053
421, Car, 450.31, 15.831182
422, Taxi, 480.99, 35.924575
423, Car, 212.58, 12.670279
424, Car, 70.87, 5.933470
425, Taxi, 236.16, 25.302344
426, Car, 51.60, 26.535419
427, Bus, 480.81, 34.618444
428, Taxi, 481.99, 37.557463
429, Car, 26.14, 7.841723
430, Car, 236.83, 25.374639
431, Motorcycle, 450.58, 52.665779
432, Motorcycle, 377.92, 17.622992
433, Car, 385.41, 8.388620
434, Taxi, 349.18, 16.198915
435, Car, 482.18, 39.813426
436, Car, 38.07, 5.271760
437, Taxi, 489.49, 35.671449
438, Bus, 483.42, 20.619698
439, Car, 457.22, 41.565678
440, Car, 26.55, 5.139627
441, Car, 211.74, 14.115925
442, Motorcycle, 239.79, 3.676478
443, Car, 16.37, 1.592943
444, Car, 479.89, 38.391411
445, Taxi, 236.28, 13.853289
446, Car, 480.83, 20.905849
447, Bus, 485.39, 13.934590
448, Car, 51.56, 4.885052
449, Motorcycle, 489.40, 24.334987
450, Motorcycle, 480.40, 22.815806
451, Car, 480.73, 24.103561
452, Car, 216.67, 16.115796
453, Car, 215.12, 15.677031
454, Motorcycle, 98.53, 12.489620
455, Motorcycle, 15.32, 11.030850
456, Car, 198.39, 13.128881
457, Motorcycle, 479.35, 43.577235
458, Motorcycle, 451.36, 46.425151
459, Taxi, 479.83, 32.715360
460, Car, 231.36, 20.615891
461, Car, 482.67, 31.708074
462, Car, 214.14, 13.965788
463, Motorcycle, 234.73, 29.340905
464, Motorcycle, 356.46, 37.303957
465, Motorcycle, 345.88, 15.963514
466, Car, 480.05, 38.065685
467, Motorcycle, 451.27, 34.712698
468, Motorcycle, 315.74, 14.995755
469, Car, 454.29, 38.939188
470, Motorcycle, 457.22, 21.376444
471, Car, 455.45, 41.196239
472, Motorcycle, 480.92, 34.351639
473, Taxi, 348.21, 16.030211
474, Motorcycle, 323.10, 6.858319
475, Car, 198.01, 17.218624
476, Car, 187.05, 32.066536
477, Car, 26.02, 8.362233
478, Motorcycle, 236.83, 15.224633
479, Car, 50.04, 26.489171
480, Car, 235.99, 28.701592
481, Car, 42.25, 1.508858
482, Bus, 472.05, 20.928295
483, Car, 217.45, 14.826217
484, Car, 480.25, 48.024793
485, Car, 50.66, 30.395103
486, Car, 477.39, 15.181886
487, Car, 102.42, 23.337127
488, Car, 29.18, 2.626536
489, Car, 210.25, 14.725631
490, Car, 354.72, 17.303482
491, Car, 102.38, 23.327531
492, Motorcycle, 320.49, 20.170830
493, Car, 103.80, 21.231672
494, Car, 349.46, 18.889596
495, Motorcycle, 346.77, 21.824571
496, Taxi, 348.42, 20.362389
497, Car, 403.41, 13.348139
498, Taxi, 347.41, 20.914360
499, Motorcycle, 180.08, 12.515067
500, Car, 352.38, 19.337693
501, Motorcycle, 355.19, 23.679402
502, Medium Vehicle, 348.15, 20.479386
503, Motorcycle, 352.06, 27.673199
504, Motorcycle, 355.96, 13.129651
505, Medium Vehicle, 354.57, 12.514108
506, Motorcycle, 259.87, 23.744591
507, Car, 267.65, 12.745447
508, Car, 347.69, 13.938740
509, Car, 353.11, 14.031007
510, Motorcycle, 272.98, 13.880205
511, Motorcycle, 451.41, 24.254944
512, Taxi, 283.99, 11.644441
513, Car, 50.83, 21.276430
514, Car, 237.13, 36.172099
515, Motorcycle, 449.98, 50.941071
516, Car, 236.18, 22.733535
517, Heavy Vehicle, 105.20, 11.476375
518, Car, 228.28, 18.343991
519, Taxi, 324.47, 13.677710
520, Taxi, 480.97, 17.177535
521, Motorcycle, 75.20, 26.540541
522, Motorcycle, 480.10, 37.410754
523, Motorcycle, 153.81, 22.148201
524, Taxi, 402.36, 14.963616
525, Motorcycle, 482.25, 41.139731
526, Bus, 105.16, 19.120586
527, Car, 480.45, 36.184693
528, Taxi, 454.66, 20.771434
529, Motorcycle, 449.94, 38.202713
530, Bus, 480.58, 12.815457
531, Car, 79.19, 19.797065
532, Car, 448.32, 25.456522
533, Car, 81.76, 19.364483
534, Motorcycle, 293.18, 14.035320
535, Car, 174.30, 10.818890
536, Car, 49.77, 27.997382
537, Taxi, 191.59, 7.891639
538, Taxi, 209.47, 13.661284
539, Taxi, 478.35, 43.267447
540, Car, 480.08, 42.360287
541, Taxi, 381.53, 13.106053
542, Taxi, 461.85, 42.414913
543, Car, 195.15, 7.474018
544, Motorcycle, 485.39, 43.252482
545, Car, 263.98, 16.052587
546, Car, 479.89, 41.330339
547, Taxi, 487.43, 22.044473
548, Car, 164.42, 11.791406
549, Car, 479.69, 21.008522
550, Taxi, 479.56, 24.044808
551, Car, 196.89, 7.588916
552, Car, 197.20, 7.766998
553, Motorcycle, 183.60, 7.527939
554, Taxi, 198.44, 7.867491
555, Car, 266.16, 12.347408
556, Motorcycle, 61.56, 13.036890
557, Motorcycle, 99.14, 10.315424
558, Taxi, 480.54, 36.651065
559, Car, 207.71, 2.194156
560, Car, 481.55, 31.405439
561, Car, 486.42, 28.706476
562, Taxi, 476.61, 34.592451
563, Motorcycle, 352.14, 15.926021
564, Motorcycle, 37.55, 16.898717
565, Car, 105.72, 25.039229
566, Car, 360.22, 17.667590
567, Heavy Vehicle, 169.23, 1.806677
568, Motorcycle, 356.54, 15.925032
569, Bus, 482.91, 21.785601
570, Motorcycle, 350.65, 15.779120
571, Motorcycle, 333.41, 15.628591
572, Motorcycle, 489.77, 18.999570
573, Motorcycle, 42.23, 13.574866
574, Taxi, 480.49, 38.100850
575, Motorcycle, 481.03, 35.927580
576, Car, 355.03, 14.896251
577, Car, 482.96, 35.195143
578, Car, 238.39, 16.377774
579, Car, 481.40, 21.882001
580, Motorcycle, 236.50, 21.074682
581, Car, 489.24, 19.397315
582, Car, 236.26, 20.251208
583, Car, 385.67, 13.248270
584, Motorcycle, 352.72, 15.872240
585, Taxi, 481.84, 18.651759
586, Taxi, 335.99, 8.494007
587, Car, 481.30, 34.653336
588, Taxi, 347.73, 15.009768
589, Car, 236.86, 13.709184
590, Car, 263.94, 14.663518
591, Car, 53.73, 23.028033
592, Car, 483.29, 19.374484
593, Car, 350.15, 15.485697
594, Car, 70.15, 19.730943
595, Car, 484.16, 19.409573
596, Car, 204.61, 9.516698
597, Taxi, 346.74, 17.193810
598, Taxi, 203.66, 11.279798
599, Car, 349.56, 16.092279
600, Motorcycle, 200.15, 9.531054
601, Taxi, 265.07, 10.843793
602, Car, 204.50, 11.396316
603, Taxi, 352.00, 19.799920
604, Car, 346.94, 12.196989
605, Car, 345.36, 11.663273
606, Taxi, 354.62, 19.168692
607, Motorcycle, 285.87, 11.460115
608, Car, 358.53, 23.813590
609, Taxi, 346.04, 13.570043
610, Motorcycle, 481.49, 33.987389
611, Motorcycle, 416.98, 5.040766
612, Motorcycle, 154.26, 18.511461
613, Taxi, 384.68, 19.233870
614, Car, 481.28, 30.720313
615, Motorcycle, 479.87, 35.256097
616, Taxi, 482.31, 30.040207
617, Motorcycle, 235.05, 24.598560
618, Motorcycle, 311.65, 3.823950
619, Car, 384.39, 19.435373
620, Motorcycle, 54.82, 20.137140
621, Heavy Vehicle, 107.84, 21.098743
622, Car, 483.69, 30.873710
623, Car, 483.54, 29.504281
624, Car, 427.95, 17.232971
625, Motorcycle, 354.45, 14.734642
626, Car, 14.89, 4.467598
627, Medium Vehicle, 480.79, 21.159612
628, Taxi, 384.84, 20.314339
629, Car, 451.18, 20.770470
630, Car, 470.80, 21.729130
631, Taxi, 437.73, 36.143167
632, Motorcycle, 396.99, 21.588401
633, Car, 28.46, 7.215425
634, Car, 467.14, 20.761711
635, Motorcycle, 32.36, 17.648292
636, Motorcycle, 222.29, 16.534318
637, Taxi, 400.77, 18.034828
638, Motorcycle, 468.07, 19.368370
639, Car, 39.08, 12.790166
640, Motorcycle, 279.29, 11.583647
641, Car, 29.55, 3.545661
642, Car, 211.54, 19.134681
643, Motorcycle, 201.09, 28.500928
644, Car, 185.58, 18.766012
645, Motorcycle, 191.45, 23.603391
646, Car, 206.44, 12.857889
647, Car, 183.12, 11.524733
648, Medium Vehicle, 467.06, 31.137498
649, Bus, 467.45, 34.483710
650, Car, 469.86, 30.204979
651, Car, 482.97, 31.844019
652, Motorcycle, 459.86, 39.795297
653, Taxi, 139.13, 28.784549
654, Motorcycle, 461.27, 48.554987
655, Motorcycle, 455.60, 34.749168
656, Taxi, 237.61, 25.158997
657, Motorcycle, 190.23, 33.570484
658, Motorcycle, 227.64, 26.435103
659, Taxi, 489.42, 21.382602
660, Motorcycle, 476.75, 47.150816
661, Medium Vehicle, 256.59, 8.474544
662, Car, 62.54, 26.804934
663, Taxi, 455.10, 21.222481
664, Motorcycle, 50.99, 24.155331
665, Taxi, 486.90, 36.215631
666, Taxi, 490.66, 21.593768
667, Motorcycle, 134.13, 6.781782
668, Taxi, 210.62, 12.939127
669, Motorcycle, 473.24, 35.054537
670, Motorcycle, 50.99, 30.591712
671, Car, 24.40, 16.268797
672, Heavy Vehicle, 185.56, 8.107081
673, Taxi, 279.28, 13.925283
674, Car, 50.29, 26.623218
675, Car, 454.57, 25.254127
676, Car, 265.04, 12.824607
677, Taxi, 481.60, 20.493648
678, Motorcycle, 351.43, 18.605310
679, Car, 489.24, 25.451619
680, Motorcycle, 279.78, 16.298065
681, Car, 265.53, 12.577618
682, Taxi, 50.98, 5.243394
683, Taxi, 479.69, 22.139685
684, Car, 200.35, 16.931369
685, Car, 482.76, 21.350346
686, Taxi, 280.69, 9.236702
687, Car, 346.76, 17.532966
688, Taxi, 349.92, 17.303788
689, Car, 264.49, 10.969556
690, Motorcycle, 350.13, 19.944178
691, Taxi, 350.10, 17.701737
692, Car, 349.97, 11.998995
693, Car, 321.02, 12.139441
694, Motorcycle, 347.50, 23.426738
695, Taxi, 359.37, 12.758720
696, Motorcycle, 266.13, 23.030164
697, Taxi, 317.00, 11.887640
698, Taxi, 348.65, 12.939651
699, Car, 24.10, 14.457705
700, Taxi, 322.18, 12.338888
701, Motorcycle, 213.43, 13.919056
702, Motorcycle, 101.19, 24.284755
703, Car, 479.77, 38.043780
704, Car, 234.95, 30.207648
705, Car, 235.63, 33.135854
706, Car, 480.48, 30.888235
707, Motorcycle, 480.57, 37.939771
708, Bus, 478.35, 34.032734
709, Motorcycle, 454.52, 43.518206
710, Motorcycle, 489.09, 34.796976
711, Heavy Vehicle, 212.48, 13.466827
712, Taxi, 237.48, 28.497696
713, Car, 481.90, 22.530311
714, Motorcycle, 460.95, 44.133374
715, Car, 203.57, 12.548673
716, Motorcycle, 46.78, 26.311435
717, Car, 454.60, 33.813376
718, Motorcycle, 411.86, 36.340967
719, Car, 477.14, 34.771653
720, Car, 438.70, 14.787806
721, Motorcycle, 448.68, 42.730978
722, Taxi, 479.80, 20.710628
723, Taxi, 52.86, 4.285780
724, Taxi, 200.40, 13.213050
725, Taxi, 234.84, 27.628697
726, Car, 234.88, 33.289780
727, Taxi, 201.70, 13.804876
728, Car, 37.83, 2.960491
729, Car, 479.44, 21.203867
730, Motorcycle, 485.23, 40.249191
731, Car, 449.00, 21.157206
732, Car, 450.58, 38.620751
733, Motorcycle, 412.90, 21.114271
734, Car, 451.06, 21.088488
735, Car, 385.82, 7.318013
736, Taxi, 488.55, 22.548558
737, Car, 449.51, 14.071496
738, Motorcycle, 92.12, 7.209444
739, Medium Vehicle, 91.10, 14.259689
740, Motorcycle, 489.15, 14.625801
741, Car, 450.60, 16.827318
742, Car, 214.39, 16.079006
743, Taxi, 73.89, 26.078223
744, Car, 99.89, 9.933982
745, Heavy Vehicle, 358.48, 11.420551
746, Taxi, 286.99, 9.062990
747, Motorcycle, 34.42, 8.979222
748, Motorcycle, 233.90, 27.517151
749, Car, 488.30, 31.730687
750, Taxi, 233.68, 23.630546
751, Taxi, 235.37, 25.833162
752, Motorcycle, 481.87, 38.378908
753, Motorcycle, 480.25, 42.168530
754, Motorcycle, 362.18, 15.862091
755, Medium Vehicle, 481.45, 34.944092
756, Car, 102.85, 22.856662
757, Taxi, 480.83, 32.783820
758, Taxi, 267.46, 15.235178
759, Motorcycle, 34.40, 12.383798
760, Taxi, 234.59, 27.067650
761, Taxi, 51.45, 16.245932
762, Taxi, 234.77, 25.457262
763, Car, 480.12, 36.931980
764, Medium Vehicle, 267.19, 15.316538
765, Taxi, 460.93, 38.770136
766, Car, 355.95, 15.291465
767, Car, 478.56, 22.201037
768, Car, 349.27, 14.723394
769, Car, 50.57, 18.962027
770, Bus, 482.18, 36.776650
771, Motorcycle, 344.44, 16.893541
772, Car, 350.31, 15.157687
773, Car, 52.60, 18.936616
774, Taxi, 462.80, 21.305461
775, Motorcycle, 18.22, 2.359903
776, Car, 348.11, 15.062348
777, Motorcycle, 346.76, 17.833336
778, Motorcycle, 345.28, 18.333488
779, Car, 459.71, 22.304005
780, Car, 361.31, 15.124804
781, Car, 461.33, 21.852384
782, Motorcycle, 455.26, 23.413540
783, Car, 479.25, 21.091638
784, Car, 181.37, 10.298572
785, Car, 351.08, 18.864121
786, Motorcycle, 214.73, 17.026924
787, Car, 41.60, 3.941131
788, Car, 349.69, 11.120926
789, Motorcycle, 34.52, 0.903269
790, Car, 243.15, 18.864762
791, Medium Vehicle, 360.65, 10.892201
792, Car, 191.40, 22.226963
793, Taxi, 98.66, 9.866370
794, Taxi, 181.09, 14.749405
795, Motorcycle, 449.93, 38.565616
796, Car, 481.61, 30.417412
797, Motorcycle, 230.88, 29.898110
798, Medium Vehicle, 59.91, 11.351623
799, Car, 457.56, 35.809068
800, Car, 471.96, 31.580967
801, Car, 473.40, 30.873697
802, Motorcycle, 101.87, 10.722929
803, Motorcycle, 97.26, 10.119253
804, Motorcycle, 440.49, 43.565146
805, Car, 471.18, 29.551186
806, Car, 466.07, 32.020263
807, Taxi, 227.21, 28.801845
808, Taxi, 481.65, 31.526361
809, Car, 460.63, 37.859860
810, Car, 60.84, 11.407285
811, Car, 468.72, 20.478174
812, Car, 474.03, 33.994447
813, Motorcycle, 456.51, 42.139462
814, Car, 479.39, 20.399511
815, Car, 483.71, 30.766304
816, Motorcycle, 94.59, 3.331807
817, Car, 63.87, 17.159066
818, Car, 468.19, 42.137100
819, Car, 478.64, 22.148038
820, Taxi, 473.67, 20.948337
821, Heavy Vehicle, 202.45, 15.775113
822, Taxi, 454.49, 22.599003
823, Car, 219.35, 17.547868
824, Car, 468.84, 21.150712
825, Bus, 371.61, 13.877621
826, Car, 27.06, 6.765294
827, Car, 253.01, 9.628397
828, Taxi, 406.15, 23.582695
829, Car, 212.67, 17.804702
830, Car, 35.35, 12.236411
831, Car, 212.14, 11.677222
832, Car, 31.34, 4.863400
833, Car, 215.37, 11.108092
834, Motorcycle, 156.08, 13.314917
835, Motorcycle, 413.99, 30.047492
836, Car, 478.77, 33.532863
837, Motorcycle, 451.34, 50.460264
838, Motorcycle, 100.29, 17.357495
839, Car, 478.12, 31.524368
840, Bus, 479.07, 29.735381
841, Taxi, 50.68, 16.586022
842, Car, 25.80, 14.511369
843, Motorcycle, 213.06, 13.844810
844, Motorcycle, 441.61, 52.992695
845, Motorcycle, 32.43, 11.446843
846, Motorcycle, 436.80, 47.941742
847, Motorcycle, 468.05, 48.698520
848, Motorcycle, 296.05, 16.447418
849, Taxi, 465.60, 41.903885
850, Car, 415.92, 23.468714
851, Taxi, 203.99, 11.582983
852, Bus, 13.20, 0.754417
853, Taxi, 441.15, 35.930482
854, Medium Vehicle, 463.88, 33.003629
855, Car, 220.33, 22.924557
856, Car, 206.81, 12.408563
857, Taxi, 221.16, 14.268161
858, Car, 139.86, 9.795572
859, Car, 193.38, 11.920961
860, Taxi, 289.36, 17.837358
861, Taxi, 87.63, 25.037087
862, Car, 183.03, 11.766315
863, Taxi, 251.25, 16.326631
864, Taxi, 87.57, 5.752674
865, Taxi, 209.44, 14.119789
866, Taxi, 150.18, 10.124376
867, Motorcycle, 210.70, 14.366158
868, Car, 196.05, 13.366914
869, Car, 199.66, 13.983890
870, Taxi, 80.98, 5.738456
871, Motorcycle, 175.22, 12.873500
872, Motorcycle, 38.25, 4.683202
873, Car, 75.03, 5.604158
874, Car, 192.21, 14.977421
875, Taxi, 271.65, 21.731873
876, Car, 193.08, 28.255496
877, Car, 67.89, 5.847000
878, Car, 85.09, 7.774332
879, Motorcycle, 89.64, 8.403301
880, Car, 152.01, 15.033822
881, Taxi, 64.07, 20.968914
882, Car, 62.43, 7.696610
883, Medium Vehicle, 51.78, 6.383882
884, Taxi, 80.70, 10.017732
885, Motorcycle, 319.68, 41.101456
886, Motorcycle, 290.50, 38.168162
887, Motorcycle, 258.99, 34.532510
888, Car, 74.17, 10.270114
889, Medium Vehicle, 206.10, 28.758536
890, Motorcycle, 269.75, 39.476335
891, Car, 172.87, 25.716179
892, Taxi, 71.61, 11.307018
893, Car, 56.67, 9.106967
894, Car, 52.92, 19.051912
895, Heavy Vehicle, 152.31, 25.152587
896, Heavy Vehicle, 141.16, 23.970741
897, Motorcycle, 87.53, 14.863487
898, Car, 171.03, 29.889448
899, Bus, 117.58, 22.515684
900, Motorcycle, 131.60, 26.320022
901, Motorcycle, 126.41, 26.457188
902, Taxi, 30.90, 8.557196
903, Motorcycle, 132.71, 28.437118
904, Car, 133.13, 29.583725
905, Motorcycle, 165.12, 37.152372
906, Car, 118.60, 29.245050
907, Motorcycle, 37.66, 9.969678
908, Motorcycle, 138.00, 36.529856
909, Car, 101.94, 28.670845
910, Motorcycle, 59.54, 19.485427
911, Car, 94.90, 28.470766
912, Medium Vehicle, 61.25, 20.045964
913, Car, 103.15, 34.382062
914, Car, 85.62, 29.078771
915, Car, 28.45, 10.241356
916, Car, 81.18, 30.441531
917, Car, 36.92, 14.445338
918, Car, 78.83, 30.846243
919, Motorcycle, 19.50, 9.234518
920, Car, 48.97, 24.486209
921, Motorcycle, 46.68, 30.007124
922, Car, 35.00, 23.335533
